區鄉,里村,納稅單位,合計,營利所得,執行業務所得,薪資所得,利息所得,租賃及權利金,財產交易所得,機會中獎所得,股利所得,退職所得,其他所得,稿費所得,申報大於歸戶,薪資收入,稿費收入
松山區,中崙里,1438,1908508,18195,61724,1266480,79649,104855,6169,2630,216249,1921,144362,520,5753,1580230,3793
松山區,自強里,3063,3843099,24690,111796,2889360,201094,60116,15388,8037,421738,19086,87315,3536,942,3529915,15384
松山區,鵬程里,1844,1975239,9356,58680,1503625,87323,47561,6418,2530,207747,18273,30393,823,2509,1898744,4791
松山區,東榮里,2864,4699275,15010,302684,2819500,218692,231312,29799,5397,961273,20704,75172,3393,16339,3385810,13156
松山區,介壽里,1545,2046183,11023,62523,1337531,96011,105847,9794,1843,359302,9010,50393,303,2602,1649270,3417
松山區,東勢里,1589,2381151,19189,41520,1285299,106948,152921,5356,3406,733672,7524,23352,304,1660,1593346,4838
松山區,東光里,2531,2995346,14721,64367,1867665,159690,177436,12275,4335,621607,5995,51116,1971,14168,2347264,8550
松山區,中正里,3475,6346620,40555,164365,3452514,213915,421795,31642,6139,1796577,28719,136945,2620,50833,4182331,13793
松山區,復盛里,2178,2063085,16243,59331,1378743,109195,67376,8401,2994,374956,9061,31219,1368,4198,1814334,6352
松山區,復勢里,2340,2698479,15432,65199,1812197,151495,161560,5436,5271,390309,0,49114,1266,41200,2287274,5367
松山區,美仁里,1240,1566381,10410,41922,1011464,76496,115519,9221,2270,251979,4638,19838,62,22560,1263669,2375
松山區,吉仁里,1426,1733586,9104,60423,1116954,86039,89444,11617,2406,296224,23314,25748,3101,9211,1406617,7480
松山區,精忠里,1572,3319732,22826,145439,1510553,123581,125400,8430,2871,1315070,15244,33557,9612,7150,1823752,16849
松山區,東昌里,937,3848361,3384,42186,794849,98618,60270,6827,1263,2802887,2060,27852,590,7575,980875,3032
松山區,福成里,928,1752291,24947,57999,780876,66978,74528,5712,4374,713057,0,20344,773,2703,957249,3851
松山區,中華里,2323,6577126,16217,134212,2528096,188975,185416,11423,3432,3333232,25703,129193,2263,18965,3005692,10610
松山區,吉祥里,3075,3575722,32132,99308,2199399,166405,161693,21411,3048,823188,15067,50014,126,3932,2808515,5205
松山區,新東里,1744,1732442,15470,51866,1207441,87084,63252,6587,3160,251626,4905,36092,1271,3687,1563518,5374
松山區,三民里,2438,2944426,26799,59924,1889290,147452,115607,8929,3560,605034,2806,68134,1697,15196,2366787,8903
松山區,復建里,1631,1996607,16815,54181,1373305,102244,93125,16379,2531,290902,5606,37835,171,3514,1717163,3233
松山區,敦化里,2435,3479761,25419,82637,1978355,160967,237560,17206,2854,895022,11774,52800,1064,14102,2485044,6978
松山區,安平里,2947,2562196,25504,81354,1836481,120985,105935,10023,4349,319286,3040,41758,1811,11671,2438169,8534
松山區,富錦里,1810,2445307,8983,50713,1407928,107285,88517,10064,2528,700031,13557,25445,838,29419,1779749,4592
松山區,莊敬里,1613,1361477,12345,34987,1050137,59044,38768,1723,1730,107014,32118,20833,244,2534,1404448,2972
松山區,新益里,1634,1514178,11170,37633,1100432,76593,37129,2278,2264,212125,6759,20705,716,6376,1445412,4169
松山區,富泰里,1647,1846062,12608,40290,1352219,88528,51596,4991,2538,263246,1644,23999,935,3468,1671802,6725
松山區,龍田里,3580,5014625,30414,162373,3815607,245879,111120,15287,8689,510953,19689,87464,2371,4779,4610210,12738
松山區,慈祐里,2472,1978219,28815,55263,1388455,78330,134262,11619,4371,228736,3465,34717,1033,9154,1880842,4600
松山區,復源里,1091,1528649,15460,53744,962636,61872,53943,7074,1135,331205,4812,24882,317,11568,1194093,2704
松山區,民福里,2224,2209825,13311,50681,1478852,118291,67485,14757,4415,414245,3696,30731,683,12677,1917900,4957
松山區,松基里,1381,2733042,14087,70932,1709455,78419,140507,8248,2044,675946,10799,21028,211,1366,1978873,2947
松山區,新聚里,2871,2846285,33031,64972,1940978,133879,153609,17595,6037,423384,6820,57174,2848,5958,2532290,11019
松山區,民有里,3362,5354547,38642,90105,2923628,275974,569134,28341,3954,1329576,11288,68090,2167,13649,3541508,11174
松山區,其　他,382,352173,6256,6061,267357,12418,16050,1177,523,35635,0,7257,66,0,339283,1001
松山區,合　計,69630,95230003,638563,2621395,57237662,4186346,4420650,387597,118928,23213032,349098,1644869,51075,360789,71381979,231463
大安區,建安里,1877,2945789,41775,119766,1437935,142165,337507,12262,1966,773663,6473,47497,3088,21693,1752411,10252
大安區,通安里,1877,2048689,18704,59879,1343492,100217,114761,8946,2673,320106,2854,74201,927,1928,1705100,5659
大安區,民輝里,2563,6149518,47817,138626,2523813,230162,335840,37938,2839,2715923,11578,76545,6471,21968,3000533,18997
大安區,德安里,2042,3604000,10122,119361,1914756,172148,190402,25113,2867,1084379,2678,72955,1710,7509,2274702,9111
大安區,敦安里,2310,5370092,38610,134276,2334780,187698,301759,50921,2376,2257111,10007,41585,4819,6151,2762244,16654
大安區,光明里,1336,3891090,8158,62606,1505441,98211,79586,9427,1622,2021143,52664,43325,1928,6979,1797972,9641
大安區,永康里,1324,2102044,10611,39241,1216792,106724,158654,16402,1299,493532,18872,23363,2379,14176,1481012,6439
大安區,福住里,2309,4210296,21335,145564,2466889,193864,203931,44055,3516,1003863,12616,94587,5424,14651,2932449,18360
大安區,仁愛里,2008,5964049,45065,134318,1897897,342122,449431,326643,1691,2623043,20722,40603,819,81694,2223048,5822
大安區,義村里,2077,3228249,22039,83800,1499395,141527,104084,6863,2129,1318419,3748,43441,1116,1690,1880309,6309
大安區,臥龍里,749,1369999,3595,42187,786929,51845,45556,7023,1003,410063,852,18644,1338,964,946843,5227
大安區,通化里,2118,2255831,15054,74541,1440944,112701,136612,7411,2650,389634,8823,41081,1188,25192,1861229,6016
大安區,龍生里,2397,3621894,11997,155319,2443499,209031,149952,13326,4389,524038,15184,82080,1684,11394,2928348,13287
大安區,新龍里,2402,3442757,13875,103051,2458150,174891,81007,8551,3835,498917,9528,81417,1505,8029,2967826,11067
大安區,住安里,1784,2675256,10659,51588,1411606,108290,109695,7552,1881,917227,4789,37035,998,13937,1753149,6306
大安區,錦泰里,1384,1972140,7500,60298,1438462,109084,65467,5952,1983,222880,8107,49358,314,2736,1727379,5852
大安區,建倫里,2254,4998989,40863,130880,1990081,187035,467978,31878,3396,2058037,10748,67489,885,9719,2369433,7040
大安區,錦華里,2107,3514601,13304,101495,2195823,160391,135050,14895,3535,768482,13348,83282,2439,22558,2656435,12567
大安區,光武里,2646,3985468,24222,114932,1854351,180255,270397,11908,2695,1423635,14768,70027,1622,16656,2308470,9224
大安區,仁慈里,1929,3341788,54026,115583,1948387,149126,192621,12695,4295,799605,11016,40870,2723,10840,2318550,9942
大安區,黎孝里,2645,2376157,23483,45049,1729534,130191,80997,4914,4442,308160,4471,36168,2507,6240,2278866,10584
大安區,民炤里,3093,6901427,24988,176709,2915656,287970,372904,27017,3887,2917794,38104,73524,3680,59196,3499861,16684
大安區,昌隆里,1237,2170458,19789,52665,894057,116292,184244,10039,1296,816382,26613,33857,1701,13524,1093159,6416
大安區,黎和里,1600,1621763,11842,53407,1210453,72228,32887,5645,2003,188970,2186,36012,1207,4922,1559756,5425
大安區,龍雲里,1787,4725200,16688,76457,1432657,130164,198744,18652,2205,2735485,12010,75222,1312,25603,1758697,6147
大安區,芳和里,1941,1977229,11029,55446,1427363,98710,52040,25391,3280,245999,2861,44612,1243,9255,1820858,7412
大安區,龍安里,2365,5491921,123220,290583,2479059,244793,189315,22254,6547,1888971,26549,204666,2752,13212,2941945,16392
大安區,義安里,2057,4786489,53807,155927,1976791,162756,295162,23324,2621,2014473,17189,61371,7863,15205,2358594,16953
大安區,虎嘯里,1441,2112447,12229,103602,1273001,116834,125276,10730,1912,416237,20350,29684,1144,1447,1547347,5819
大安區,龍淵里,3233,4635305,18594,113137,3214942,223425,131717,10667,5900,819283,8272,76324,5631,7412,3923903,23968
大安區,龍坡里,2051,3049464,11183,83130,2083883,180414,99031,7172,5276,478776,27981,49834,4286,18497,2491377,21014
大安區,龍門里,1573,2931159,18602,112946,1725412,138522,93072,11945,2120,660384,80509,83525,1467,2655,2042099,11074
大安區,敦煌里,2201,3784420,45522,101660,2040301,179971,254867,13050,3007,1048710,3594,79541,1683,12512,2449979,9003
大安區,羣賢里,2161,3347054,16861,91593,1936173,158719,151179,19426,5263,884112,13207,51035,3052,16434,2326939,12150
大安區,車層里,2362,3910569,53304,93899,1865559,181323,309097,22902,3955,1221214,52915,35256,2892,68254,2256873,11189
大安區,光信里,2690,4249239,19942,155009,2417179,221109,194729,37102,4027,1049781,78205,52843,1290,18024,2922509,9953
大安區,和安里,2398,8420903,315815,153482,2724324,172804,196671,52801,3540,4688350,8527,68220,2455,33915,3228856,12482
大安區,正聲里,1758,3685411,11638,122395,1794585,153841,164600,24709,2431,1227874,18500,159360,2336,3141,2111076,7476
大安區,誠安里,1521,1760764,11766,42784,942741,101609,164350,12803,1851,406784,9793,57028,468,8787,1201031,4632
大安區,華聲里,1534,2982510,408084,53725,1213442,95765,110904,16915,2324,1012920,22403,31003,4891,10134,1513702,11935
大安區,臨江里,1341,1100302,30536,30897,810491,55149,47225,3194,1498,99211,0,17745,60,4296,1081719,1984
大安區,龍陣里,1332,1990678,7758,68316,1124596,102470,100022,11890,1601,514557,19624,14464,557,24823,1373820,5172
大安區,龍圖里,2570,3860364,16917,157415,2311248,195886,180817,29887,3788,799287,15648,65188,1452,82830,2792660,9206
大安區,古莊里,2722,3679256,18467,150106,2331108,208278,182032,13679,3707,663231,13622,86547,3884,4595,2859820,19931
大安區,錦安里,2146,3951818,22753,89288,2379343,221977,163514,9239,3492,952397,16634,55293,2612,35276,2819857,13601
大安區,大學里,3121,4205770,18343,207836,2739581,249247,197012,11221,7269,575362,56803,107305,5910,29882,3340625,23791
大安區,古風里,1569,2345754,31434,64205,1399291,118081,82351,12464,3153,574452,9713,38008,216,12385,1701944,5377
大安區,全安里,1625,2816718,24662,68319,1650539,148702,166765,37848,2011,650833,13473,20588,1633,31347,1946595,6521
大安區,黎元里,1778,1292652,14275,22114,1022633,55061,33935,6110,2357,104161,3104,26034,406,2460,1406980,2750
大安區,法治里,1661,1883358,11127,73821,1312234,92629,63019,5112,1538,282186,11375,25688,743,3886,1628150,5048
大安區,龍泉里,1806,2585695,42318,80287,1749947,128009,74926,25746,4621,365145,39554,45511,1021,28610,2117110,10210
大安區,羣英里,2547,2757555,7952,92181,2081071,163226,39401,10886,5229,283786,17297,48013,1099,7414,2584836,9253
大安區,學府里,694,711565,3453,7764,565860,47827,11073,3060,1034,61946,1842,4804,1124,1777,705088,7694
大安區,其　他,169,174228,1652,1379,102925,9870,10417,1271,192,42376,123,4043,0,0,129758,208
大安區,合　計,106222,178968139,1939361,5234846,94987403,8121337,8684583,1218826,162015,53623291,932429,3027703,117951,918393,115463832,541224
中正區,南門里,895,3062896,12126,175815,893608,123925,59274,3047,1402,1721395,3065,50863,16239,2137,1071633,26457
中正區,龍興里,1134,1102691,8198,43833,824618,48506,28340,1885,1411,116640,1218,23398,216,4429,1078365,2203
中正區,愛國里,1096,1209373,6874,21122,811587,74945,53066,3152,1473,214359,1780,15349,415,5251,1024928,2797
中正區,龍光里,1151,1500003,6169,49024,939890,75865,62219,5775,1394,305169,16156,31803,1870,4668,1184546,7223
中正區,河堤里,1694,1761444,17435,73464,1147770,111258,58753,10091,2276,283388,24715,24020,1028,7246,1465439,7650
中正區,龍福里,1825,2249260,20133,124718,1500960,133740,123810,8365,3408,253541,21752,25542,1374,31918,1873142,8069
中正區,螢雪里,1510,1298047,14091,49627,939701,74659,31884,2049,2285,154526,3742,19160,1055,5268,1249569,4689
中正區,永昌里,1484,1117289,18713,26498,853444,55105,19645,2707,1655,97595,7850,30254,41,3780,1155138,2794
中正區,文盛里,925,1066555,6840,32583,643688,67606,70114,6074,1309,217158,1279,12282,536,7085,811548,5087
中正區,忠勤里,1741,968471,16325,24571,757445,38953,22640,1900,1649,86062,94,13059,585,5189,1115024,2383
中正區,永功里,2084,1960794,15440,85122,1389642,101168,61913,8242,2459,252879,2236,31223,1167,9304,1822027,5837
中正區,螢圃里,1976,2127213,11627,87456,1487086,118727,48227,8890,2388,280682,8034,51665,1384,21048,1886565,8492
中正區,幸市里,1721,4492373,15742,121775,1499764,135222,195761,14170,2005,2375600,3434,92441,1625,34835,1823657,8525
中正區,文祥里,2779,4321629,24261,144050,2813131,195622,177618,24994,4295,819034,9941,76260,2290,30131,3399897,15295
中正區,黎明里,1174,1482847,43960,73785,773052,67698,194189,3113,2702,292518,0,21946,643,9239,1002674,4784
中正區,建國里,540,858776,7591,40966,484747,30628,100845,20810,644,136229,8799,21607,4,5907,601843,791
中正區,光復里,1400,1725031,52934,70726,787323,68038,237630,13583,1957,468776,943,19350,297,3475,1048126,2996
中正區,東門里,1395,8482093,9566,220530,1450594,115410,75753,5123,1904,6537479,2679,48903,4136,10015,1736371,13117
中正區,板溪里,1158,1164163,12270,37194,780828,71378,56901,7667,3086,145008,8339,34463,2429,4601,1009711,8415
中正區,文北里,2098,5678137,97674,203993,2441645,201975,208161,17883,2705,2250714,4976,233940,2307,12164,2846633,14134
中正區,梅花里,1227,1839579,11209,43438,1023412,89044,130304,13501,876,481636,187,37045,796,8132,1249807,4629
中正區,廈安里,1443,1556084,13798,30221,1090080,69429,73059,5739,1902,224976,3410,31720,538,11212,1413240,4010
中正區,網溪里,2066,2168639,10135,60649,1534866,130594,62139,7861,3363,273803,6201,34242,2612,42174,1947426,11439
中正區,林興里,1638,2046511,70316,55827,1336020,107006,61320,5686,2190,364264,3462,33147,465,6807,1678767,5412
中正區,幸福里,1716,2469195,14394,121167,1392846,104941,172367,28368,2758,585808,3011,25652,7896,9988,1737229,16898
中正區,水源里,1066,1068466,10241,39871,724763,57816,84597,2764,1048,121555,811,20193,1226,3582,924183,6320
中正區,富水里,831,913984,3803,17939,759796,35672,14338,3927,848,64263,23,7929,4090,1356,960977,10008
中正區,頂東里,2227,2349742,12228,75762,1559915,156650,99907,8939,2903,368087,10701,32073,4052,18523,1983408,12618
中正區,新營里,2967,4772212,24704,178073,3132317,217880,173463,18760,4866,867358,13968,104419,6038,30367,3805322,22914
中正區,南福里,3917,5982024,37806,315489,4072672,292227,296658,31316,10448,798846,16551,72403,2503,35106,4940673,20045
中正區,三愛里,3125,5650130,41813,128084,2837799,244106,269561,18954,5400,1881580,73708,123139,3007,22980,3429800,18765
中正區,其　他,87,83044,450,2271,61255,3105,3032,799,61,9353,726,1993,126,0,77939,373
中正區,合　計,52090,78528696,668864,2775643,42746267,3418898,3327486,316133,79070,23050280,263791,1401483,72989,407791,53355606,285169
萬華區,柳鄉里,1383,876152,17876,20060,646704,30612,17083,2172,1762,122790,465,14789,252,1588,937270,2150
萬華區,雙園里,1396,1171373,20344,26082,833269,51646,42581,7727,2032,167546,90,18609,460,988,1133261,2830
萬華區,糖廍里,1692,1304670,18491,37769,897343,76859,43517,4071,1776,191470,13820,14037,452,5064,1247368,4334
萬華區,西門里,1196,1073358,30766,24178,626376,58099,162980,4229,1649,149523,81,12068,822,2586,849248,3621
萬華區,仁德里,1741,1745497,13168,75375,1142545,88161,87170,10544,2298,291416,4375,23386,1190,5870,1493611,4747
萬華區,新起里,2357,2250188,30326,87291,1382442,112804,189147,19558,4322,380978,1004,35940,701,5674,1821018,5175
萬華區,日善里,1076,785069,11112,62117,553931,37286,31914,1862,2299,70873,66,9434,1439,2737,777778,4778
萬華區,菜園里,1974,1607202,37221,52030,1115514,77189,88441,8502,2196,193060,753,20365,0,11931,1515583,2010
萬華區,頂碩里,2233,1611689,21629,85381,1146399,83057,63673,5995,2821,171480,1335,28111,336,1470,1611130,2684
萬華區,福音里,1316,1379629,12741,34130,664710,47359,73267,3546,2042,509170,708,29506,0,2451,919915,2107
萬華區,華中里,1764,1222819,20256,21595,937794,54574,33359,1900,2060,124076,1524,22618,372,2691,1305454,2259
萬華區,青山里,1558,1162528,25065,35640,830633,55967,65279,2662,1906,119274,0,18006,225,7871,1128203,2577
萬華區,新和里,2674,2095617,11030,47787,1612707,130926,38082,7667,3809,188269,3959,43266,3323,4792,2156709,9846
萬華區,新安里,1705,1032567,15978,28178,802511,47313,16807,2841,1970,96878,1730,15528,4,2829,1155501,1907
萬華區,富民里,1438,1014320,18277,26746,702085,52696,70800,13260,1832,105674,151,19020,178,3602,980958,2327
萬華區,富福里,1473,1427853,28513,25072,838195,60452,64319,5225,2345,363483,19651,17327,420,2852,1127200,2514
萬華區,綠堤里,974,524422,8622,20638,417783,18040,10742,451,852,37576,294,7821,249,1354,621554,804
萬華區,忠貞里,1257,763739,9377,19831,602463,42648,12335,2113,1555,62585,624,8081,359,1767,856339,1872
萬華區,日祥里,1741,1245776,18317,34999,972785,60821,19485,4375,2898,107618,5444,17218,286,1529,1341215,3031
萬華區,忠德里,1355,948315,16548,17908,712662,46325,33619,5608,1704,93982,345,15312,531,3771,1000433,2451
萬華區,孝德里,966,627551,7465,21013,463885,28584,27254,1533,1741,58925,351,14636,41,2122,664912,1182
萬華區,保德里,1010,1035579,9457,52391,670473,47823,35859,3899,962,188182,6804,13047,356,6325,875763,2128
萬華區,全德里,1316,1199253,14934,33383,858844,55651,44007,4296,1499,165229,3614,15350,103,2344,1138160,1680
萬華區,興德里,1187,751379,16808,21852,553503,36220,22117,2319,1594,80590,165,14501,126,1584,783948,1709
萬華區,壽德里,1501,1160246,18821,29346,882506,60499,22332,1913,1829,112988,2154,24389,267,3202,1207727,2438
萬華區,凌霄里,1009,643399,10454,18322,527779,24533,8059,1885,1276,41576,388,8438,56,631,750436,1273
萬華區,和平里,1849,1140622,23201,29064,880996,43805,34632,2450,2261,105894,0,15713,520,2086,1262665,2865
萬華區,騰雲里,1013,781307,5645,24870,591178,43822,15275,2101,967,80307,726,13925,35,2457,801542,545
萬華區,榮德里,965,576807,14639,15664,437875,20237,12705,1156,1278,47079,585,24186,281,1122,644744,1262
萬華區,福星里,1620,1311418,20724,40363,874715,65999,98354,5413,1692,181675,160,18943,643,2738,1192675,4497
萬華區,和德里,1675,1029441,25838,34536,761263,38419,35748,2588,1744,106800,682,18175,272,3375,1108698,1590
萬華區,萬壽里,1011,934602,19446,40343,472043,48073,173214,5265,683,158017,312,14044,331,2830,641171,2358
萬華區,銘德里,1403,969049,9914,13450,742215,39697,16412,1070,3064,123875,2425,14892,963,1073,1047224,2953
萬華區,華江里,2483,1562217,22355,39171,1171781,74848,59711,6381,2412,147766,3026,26754,1853,6161,1682258,6353
萬華區,錦德里,1599,1013427,15660,28102,792616,40203,28339,2596,2356,82987,2286,14220,77,3985,1123491,1218
萬華區,新忠里,1025,801547,6915,29698,598313,61226,17979,3452,884,65096,437,13475,408,3663,802877,2526
萬華區,其　他,52,47644,2379,2187,25175,2053,5084,146,99,9038,0,1479,0,3,33414,178
萬華區,合　計,53987,40828269,630312,1256564,28744012,1964523,1821679,162768,70470,5303747,80533,656611,17931,119118,39741452,100777
大同區,建泰里,1316,1363147,16157,31227,826747,59393,105882,7352,2264,274271,469,36332,182,2870,1089658,1921
大同區,建明里,1170,1241419,32386,59974,557029,51440,156063,6705,1527,334646,761,18948,274,21665,768658,2008
大同區,雙連里,2980,2803663,24502,79543,1981059,114946,127620,19054,3513,405880,267,33291,342,13646,2619435,4436
大同區,建功里,1574,1574479,17907,38293,894651,84261,140958,7972,1894,362506,235,19631,844,5327,1212864,3417
大同區,景星里,701,469672,6807,12090,365099,17232,13843,2755,1273,39269,0,9559,0,1746,511175,615
大同區,星明里,2010,2248448,36009,52618,1198164,82945,134538,10660,3198,682812,3192,30990,580,12741,1611707,4342
大同區,朝陽里,1551,1587733,17485,57816,885735,70032,131184,6886,1737,393258,670,17541,589,4802,1188126,3006
大同區,大有里,1578,1412948,26751,33832,821877,80010,139555,6087,2265,283068,928,14581,527,3468,1125999,3052
大同區,斯文里,1506,1228182,15276,55944,819446,54098,56726,2898,1574,192261,1996,25008,49,2906,1139862,1685
大同區,揚雅里,1138,964854,9858,26444,622633,39873,50480,1805,1174,197021,46,13993,0,1528,862135,1178
大同區,國順里,729,411597,6681,10549,318648,17821,14692,253,887,34753,368,5788,0,1158,470771,164
大同區,國慶里,1613,1583274,11364,21365,1049129,77664,98548,5099,2749,287600,1316,21104,66,7269,1394342,2026
大同區,隆和里,1144,1013770,16079,14084,663188,51379,37059,14987,1539,199136,2,12873,309,3135,902796,1774
大同區,南芳里,1285,1043050,15232,24089,702834,46860,68272,6944,2580,155336,0,19159,20,1724,975513,1636
大同區,鄰江里,2066,1412375,22441,31744,1030216,65071,52167,3456,5105,170017,1857,23695,805,5799,1461581,3053
大同區,玉泉里,1042,1032578,12200,27388,563939,55701,89645,5701,1398,258618,433,16604,130,821,774414,1565
大同區,光能里,1709,1632218,22130,94835,1104637,64386,124352,9069,2281,175169,380,25495,524,8960,1465390,3626
大同區,重慶里,2256,2134302,19286,61026,1445493,99098,45297,8857,4363,360055,17874,39819,42,33093,1926793,2168
大同區,至聖里,2699,2260274,38609,67541,1532914,99612,109180,4893,3586,332275,2184,52828,1821,14831,2075511,6673
大同區,老師里,1825,1311910,15480,28785,961922,49462,37450,2060,2387,186188,275,25450,355,2096,1363954,2224
大同區,蓬萊里,1739,1701049,28617,35033,1054370,73963,94524,8421,2251,350484,11796,28446,245,12898,1411908,2851
大同區,民權里,2160,2142456,26669,64913,1432016,101294,115587,8833,2651,336717,8772,32485,155,12366,1899359,3614
大同區,延平里,1379,1079649,9262,25420,713169,55415,82826,2358,1570,158840,2323,23059,979,4428,985529,3701
大同區,永樂里,1850,2273297,60736,34681,1047804,116745,195626,4386,1638,759156,1159,23673,594,27099,1397340,3705
大同區,保安里,1379,1632842,24822,45432,794343,54116,48076,8148,2440,635728,1001,12843,1634,4259,1085912,4315
大同區,其　他,30,25870,1150,143,14186,971,4792,21,32,1995,189,117,0,2273,18157,58
大同區,合　計,40429,37585058,533896,1034810,23401248,1683790,2274938,165660,57876,7567062,58494,583311,11063,212910,31738892,68813
中山區,聚盛里,1425,1120176,12416,55985,734701,41347,64287,16203,1488,160783,8466,21820,609,2071,995229,3028
中山區,大佳里,296,210691,2824,6875,136195,7735,27262,513,595,25710,0,2655,21,308,199439,220
中山區,恆安里,1835,2894367,111472,95509,1345279,82523,131117,19658,2733,1032980,8036,54214,54,10793,1696807,3175
中山區,集英里,2415,3140444,102565,59648,1575804,117827,216118,13171,3209,1000180,8390,29472,808,13249,2061268,6426
中山區,正守里,1234,1296525,14429,34934,788817,68571,73949,10486,1271,274054,6485,18458,410,4661,1029725,3094
中山區,正義里,1814,1507649,20704,53183,974163,58775,113466,4897,3698,255168,1418,18570,139,3468,1317602,2323
中山區,新生里,1590,1306300,40169,44113,833018,74943,102525,6936,1584,178264,1115,21594,30,2009,1136191,1759
中山區,松江里,2343,3860897,35099,82751,1629914,135625,174665,8666,3977,1760595,1880,28696,4138,0,2095580,10348
中山區,江山里,2824,3038174,23720,69966,1942474,146924,190461,7006,3847,551859,26768,82311,636,0,2483599,5824
中山區,中山里,2586,2490754,25164,86247,1617950,107214,142255,17954,3746,403257,5383,53300,1419,26865,2107380,7332
中山區,成功里,2554,6833355,35704,134050,3139507,206967,442954,68573,4736,2670588,2766,126547,483,478,3654510,6387
中山區,下埤里,2789,2793926,25246,85689,1770572,126554,122861,7559,4030,564866,4136,63492,4121,14800,2328324,17354
中山區,中原里,1901,2322151,14428,92145,1369013,97573,159965,11916,3015,538012,3217,25426,904,6536,1741287,5231
中山區,新庄里,1636,1096608,12414,18291,809021,54395,55792,5417,1737,119561,298,16748,171,2764,1138119,2543
中山區,江寧里,2586,2951080,12302,78487,1893345,152073,162204,21502,3003,555935,11230,53475,1789,5734,2401013,7644
中山區,復華里,1793,2577876,24467,107396,1459473,133624,175587,21823,1807,610549,1692,46940,965,0,1798513,5911
中山區,興亞里,2165,2733689,24064,56777,1436308,125709,261818,17272,2622,765627,5130,22871,1630,13860,1846139,8094
中山區,朱園里,1885,3538482,140366,91520,1500095,122872,213361,24255,2499,1399462,4765,33726,1529,4033,1862056,6564
中山區,中央里,1336,1714978,17889,40277,977076,70109,87176,6906,2042,482070,1123,24031,399,5881,1236773,3618
中山區,新福里,1770,2322728,16799,36381,1088486,75532,116381,8393,2548,925281,1813,28079,961,22074,1442589,3224
中山區,中庄里,1769,1521900,15699,44850,993814,68702,89767,7150,2022,257257,2717,24417,1026,14479,1338043,4630
中山區,康樂里,1000,957875,10837,20412,535850,52192,75320,8554,1895,229154,1710,15563,2346,4044,711906,5749
中山區,行政里,1989,1668848,17586,50104,1154605,78415,83923,4910,3246,240719,7582,28925,132,0,1550325,3066
中山區,聚葉里,1416,1667460,21179,62233,887268,60173,83682,5136,2715,513494,1027,24124,117,6310,1163091,2179
中山區,正得里,1387,2227378,24034,59592,872192,85683,166073,7705,1407,983668,953,21765,395,3912,1126098,3545
中山區,中吉里,2081,2652763,21795,78180,1501775,113263,213693,13403,2645,640956,2682,50151,638,13582,1919362,4239
中山區,新喜里,1748,1589816,12815,33337,1060319,65484,74746,4996,1864,300969,2849,28039,576,3823,1425525,4379
中山區,埤頭里,1211,1309839,13800,31717,942543,54332,62718,4483,1529,178777,1893,16676,182,1188,1172811,2239
中山區,大直里,3192,3301489,21241,112371,2254490,193353,116772,6947,5059,499351,11969,76604,945,2387,2899093,8242
中山區,劍潭里,1148,1250591,8935,34444,898866,80029,48694,2354,1616,125469,3553,47170,667,0,1135128,3331
中山區,力行里,2430,4853065,52735,182752,2089696,165480,326776,47215,3356,1920254,5871,57659,981,289,2537861,8104
中山區,朱崙里,1149,1463856,5164,89853,890673,60275,109412,6525,1055,259151,5713,28658,443,6934,1110441,2742
中山區,晴光里,1968,2607461,24605,52547,1439449,92021,156150,10010,3313,704503,21096,67495,659,35613,1809407,4157
中山區,永安里,3490,7252727,44295,239143,3673638,276721,383333,32393,5109,2426620,32652,143086,2342,0,4377365,13228
中山區,圓山里,1460,1211378,15683,35076,845590,61690,46265,7159,2090,163799,4425,26807,1587,1206,1145416,5342
中山區,民安里,1699,1860548,16834,53239,917515,98578,237953,21523,1609,449720,12296,45349,633,5297,1211122,5647
中山區,行孝里,1399,1076915,19712,33217,796266,53279,43591,3430,1747,99322,553,26906,14,0,1088496,1175
中山區,龍洲里,1832,1920619,16874,75448,1399216,97203,42953,6958,2197,208825,19063,43023,1719,7140,1767302,6836
中山區,行仁里,2611,2084526,31711,47381,1536689,81399,64972,6804,3290,277033,1605,29317,995,3331,2098040,6292
中山區,朱馥里,2032,1975679,11784,83172,1373048,89688,72315,7869,3203,307450,2961,26023,86,0,1786165,2817
中山區,金泰里,2895,7517030,150141,131670,3974167,236992,265748,254837,4682,2253613,16742,214889,2039,11509,4635160,9074
中山區,北安里,955,907128,6646,23512,680855,42652,30530,1862,1416,98763,7024,15540,193,0,882731,1984
中山區,其　他,26,26046,25,2600,19418,554,2021,168,8,172,0,1081,0,0,23121,0
中山區,合　計,79664,102655787,1276373,2907073,57759152,4215047,5831614,771495,111258,27413840,271047,1831691,39935,227261,73486154,219096
文山區,景美里,1746,1820278,8929,41884,1313815,98359,68194,6173,2865,234007,11912,32856,929,355,1689138,5594
文山區,景行里,2586,2664309,20892,56907,1933271,118516,131614,14284,5160,319548,5257,52071,2757,4033,2489087,9963
文山區,景仁里,1989,2271261,11266,73435,1761057,98958,54161,18417,4145,192321,6239,48655,1983,624,2209166,9057
文山區,萬有里,1964,2077370,10856,55652,1567630,94622,46447,9192,3446,238481,2447,39168,1543,7886,1998664,7701
文山區,景慶里,2141,1862118,19710,44029,1428284,97976,40764,3342,3759,191711,6827,25262,454,0,1896661,4138
文山區,萬隆里,2470,2545292,11374,80105,1957834,133392,40719,5356,6839,238215,13723,40774,3483,13479,2499746,12187
文山區,萬祥里,1577,1380172,5672,42939,1060539,76322,37974,2800,2257,130428,1733,18264,912,332,1395687,4680
文山區,萬年里,1891,2401197,9019,55111,1363929,116721,66042,3884,2189,752736,366,29374,1475,353,1745131,7384
文山區,萬盛里,1640,1554100,8009,33585,1181186,82700,43031,4532,2142,164857,4094,25151,1327,3485,1528582,6707
文山區,萬和里,1120,1342340,6491,80636,968892,67450,25516,6678,1522,159652,4492,20425,640,0,1209696,4321
文山區,興福里,1818,1693666,13851,62745,1291895,74262,38013,5224,2204,164690,12098,28299,386,0,1701464,3911
文山區,興得里,2094,1742598,17386,57336,1340521,71265,65843,7163,2889,142431,8292,29353,51,66,1797895,3768
文山區,興豐里,1676,1990364,9357,40788,1477966,83913,37537,5902,1969,286182,3431,30175,563,12580,1840778,5600
文山區,興旺里,2913,2540266,20021,78642,2046611,99414,28404,10140,10326,197026,1588,43930,1995,2167,2725338,8362
文山區,興光里,1238,1395482,12672,41203,1042644,50814,36718,3905,1568,154561,10249,32207,576,8364,1309678,5084
文山區,興安里,2350,2721358,17484,99478,1981684,134058,75341,10590,3636,324951,14544,55412,2508,1671,2480430,13117
文山區,興昌里,2381,2792919,24196,145404,2053475,115666,64559,9457,3922,326335,3516,44933,1866,0,2578260,12130
文山區,興泰里,1491,1418075,8671,57171,1095104,57021,33694,2603,2490,140001,913,14065,209,6133,1422320,3796
文山區,興業里,1868,1769262,15321,58406,1316177,92545,53402,5692,3809,198085,3374,20753,1828,0,1703573,7634
文山區,景東里,2380,2206626,14528,52955,1745861,102253,47579,6801,2952,188090,2335,41080,2498,0,2278295,9234
文山區,景華里,1903,1846029,16172,44493,1371400,94818,64768,2862,2189,188631,17548,42004,1270,0,1782470,6672
文山區,興家里,2562,2076274,17781,57419,1682248,83138,32658,6272,3986,160850,937,26206,1486,3293,2269156,8950
文山區,萬芳里,2667,2512057,15654,75089,1964546,98628,51743,10303,4398,235403,9315,44146,2867,0,2560518,14745
文山區,木柵里,3189,4276861,23421,121802,2956986,193676,133320,22765,4989,590952,13600,174367,4502,36481,3625399,17764
文山區,博嘉里,1937,2312161,26213,49805,1672852,75956,67130,8926,5127,322575,34351,39278,3492,6457,2084020,10956
文山區,樟腳里,1857,2195361,23522,75411,1465560,82690,51660,7655,3732,407812,8429,82343,2041,0,1871370,7474
文山區,老泉里,199,94418,3146,3723,74174,4522,2423,251,232,3851,0,2070,0,27,114148,156
文山區,木新里,2970,2494242,21817,70616,1931285,118809,69608,11563,4198,208858,7706,47315,2474,0,2556594,13040
文山區,指南里,1271,1300511,12928,66542,1021426,42461,31728,5074,1306,99796,140,17727,1224,160,1303393,9125
文山區,華興里,3034,3631927,20738,101872,2652394,143860,73887,16715,5601,529204,10748,74848,2361,0,3347967,11446
文山區,順興里,2375,2010571,22945,80582,1522944,74010,39573,7885,2541,201956,4473,51432,1926,304,2068892,6230
文山區,萬興里,2885,3524435,28173,110031,2635244,159676,78447,11473,5298,422197,10473,57672,5435,316,3280525,19765
文山區,明興里,2358,2052336,18957,44607,1643463,88579,37005,6001,3847,176282,4358,29785,1187,0,2170843,5892
文山區,明義里,1169,919740,9698,21931,743192,34812,13996,1945,1534,68935,3430,17582,1189,1496,995756,5395
文山區,試院里,2370,2732728,10619,48907,1889977,111133,71804,18137,4138,513249,11795,51870,1343,0,2432928,7414
文山區,樟新里,1963,2149937,15836,63923,1590160,88158,67906,4635,2972,253278,9637,50417,2218,797,2027093,10228
文山區,樟林里,2810,2491481,23449,56149,1987886,114337,37813,6438,4208,212153,6000,41830,1216,0,2621172,8956
文山區,忠順里,1545,1878435,13676,70864,1329286,86866,33017,10860,2242,217886,8864,85486,2047,17342,1659556,8164
文山區,萬美里,2417,3020039,15532,65598,1870794,113141,75644,15041,3411,743134,18210,96728,1302,1505,2381006,9332
文山區,興邦里,1750,1698513,9119,29075,1350676,78999,22410,3087,3421,163085,1230,31440,3004,2967,1742946,7925
文山區,樟樹里,1548,1297422,7437,21131,1034787,53074,29172,5149,1994,107458,1146,30893,2088,3091,1378560,6814
文山區,政大里,2650,4134397,28673,152253,3108284,130142,89348,16973,5053,452371,19118,127917,4888,0,3729988,22604
文山區,樟文里,1987,1815670,18126,44454,1368654,73996,37044,7601,3426,224746,4256,30600,2308,461,1818903,7718
文山區,其　他,93,72383,920,2860,55652,3303,1887,1115,88,4039,0,2423,0,97,72682,297
文山區,合　計,88842,92726983,670254,2737553,68852244,4015014,2249546,350863,150021,11253008,323192,1928584,79849,116855,88395472,371431
南港區,南港里,2062,1965713,17182,52252,1442461,73946,69183,7909,2381,187256,6081,99450,2627,4985,1912065,5739
南港區,三重里,2956,5611690,32638,169037,3727202,148690,189946,69303,5818,1073717,33938,125027,2743,33631,4396596,12182
南港區,新富里,1311,1000417,13595,25148,774717,42102,40000,3467,1293,83817,1536,10780,92,3870,1052891,1698
南港區,中研里,3334,3173666,19282,62576,2402010,131454,69894,9256,4301,362581,20690,85262,1770,4590,3156132,13575
南港區,鴻福里,1566,1387060,9569,48748,1030359,65966,36469,6038,1928,163510,1463,20231,211,2567,1372438,2397
南港區,東新里,2384,1876341,28976,62693,1414505,73699,44092,8751,3151,196905,1545,26530,1288,14206,1963596,4136
南港區,西新里,1607,1229365,10253,39414,892968,42467,59272,5545,2471,159895,986,13736,698,1659,1245468,2295
南港區,新光里,1220,1341654,78256,36834,753524,46214,51918,3804,1871,348963,1038,16672,525,2034,1007259,2503
南港區,百福里,1712,1283428,16351,29995,1022217,44537,29488,3673,2285,111108,463,21481,576,1254,1409964,2993
南港區,玉成里,1643,1350606,35408,22679,965957,52392,48815,26864,2989,173357,965,18145,1256,1779,1330494,3885
南港區,成福里,2499,2222275,17659,45980,1698601,87506,46349,6401,4487,217606,6431,78138,2899,10217,2266705,7566
南港區,中南里,1164,742019,9866,18079,580648,27912,28142,2077,1083,62749,0,10162,68,1231,840650,961
南港區,舊庄里,2697,1798044,19682,57054,1464542,58263,35750,3749,3350,123145,372,28428,907,2801,2098952,3630
南港區,九如里,2026,1562467,16804,39207,1229854,69962,30257,5512,2372,137519,12,29177,1248,542,1686186,5941
南港區,東明里,2088,2354067,13303,84936,1619181,68465,49971,9106,3504,455081,2877,41056,373,6213,2086985,4197
南港區,合成里,2231,2501935,19235,66904,1685903,92089,80408,12867,2713,451657,2982,39895,320,46964,2173650,3240
南港區,聯成里,1677,1279142,9708,31825,995648,64927,33234,4414,2187,106666,848,18617,550,10519,1356448,2488
南港區,萬福里,1540,1527927,9600,27483,1056050,67090,63538,6121,2092,255591,4347,27444,687,7885,1372271,3588
南港區,仁福里,1778,1558456,10119,55668,1265143,57306,14313,4103,2300,118221,409,27463,1979,1431,1681438,6321
南港區,重陽里,1973,3287088,15802,172777,2311923,92381,89505,31110,3516,408422,24454,100875,5611,30712,2778857,15555
南港區,其　他,23,31626,0,0,26286,251,260,67,12,388,0,4362,0,0,30850,26
南港區,合　計,39491,39084986,403288,1149291,28359702,1407620,1110806,230137,56103,5198154,111438,842931,26427,189089,37219892,104912
內湖區,紫陽里,3042,3117405,20896,55501,2401675,116815,99864,11336,5656,340023,10206,45029,764,9640,3081944,6706
內湖區,紫星里,2812,2579993,23980,56495,1878894,104897,127074,7769,3856,316722,8451,39381,1008,11467,2491061,6398
內湖區,湖興里,2665,2484103,24698,75412,1840755,95079,71013,12196,4559,284944,3468,43455,974,27550,2437348,5007
內湖區,大湖里,2059,2695040,15530,92382,1704914,88611,109428,12815,2920,612300,6444,42320,750,6627,2161528,5702
內湖區,紫雲里,1933,1748131,9775,55828,1363564,61052,30112,5038,2995,159925,4678,46339,353,8473,1805744,3863
內湖區,瑞陽里,2688,2855657,23051,113470,2082836,121189,67432,14249,5600,334960,3113,78640,1048,10070,2678971,6411
內湖區,清白里,3258,5094999,30887,127399,3283024,184877,170338,22637,5626,1057169,48075,132579,2405,29984,3979256,9795
內湖區,港墘里,2165,2243920,15181,52950,1629743,93910,120670,6192,3591,262153,4827,42523,4488,7692,2113369,10243
內湖區,西湖里,2517,2107689,21108,45592,1545711,90092,83966,6023,4625,241189,13927,45865,1393,8199,2077124,5163
內湖區,石潭里,1532,2091079,20001,124786,1311269,65782,159767,15461,3695,331576,3953,45777,3023,5989,1641997,7561
內湖區,葫洲里,2617,3252130,17973,66662,2346919,117428,118588,11820,5816,458775,27078,60412,994,19663,2953775,6547
內湖區,五分里,3447,2797593,30642,63115,2248678,87798,71325,11113,5456,213306,1107,53067,2275,9712,3079656,7079
內湖區,內湖里,2464,2801884,26912,85062,1831999,113352,106678,17008,3543,508448,8055,74764,2088,23976,2328497,6884
內湖區,週美里,3242,4811092,50505,149402,3023480,148087,227007,37688,6493,917910,29489,194104,4103,22823,3738539,13034
內湖區,內溝里,1667,1338712,10894,32268,1051298,46695,42933,6042,1995,126357,2204,14937,674,2416,1421424,5583
內湖區,碧山里,2354,2308204,15905,40827,1786717,87879,38501,8576,4223,203144,19155,47231,456,55593,2323923,5402
內湖區,瑞光里,1625,1425463,12683,22146,1081190,66524,39698,2674,3279,161607,3066,22359,324,9912,1448089,3305
內湖區,金龍里,1845,1527982,11034,31538,1152885,55260,37018,4673,2434,183243,1043,33448,3218,12188,1552165,7876
內湖區,行善里,2411,2078427,18273,49736,1691662,64179,41984,4788,3555,148475,4386,44747,455,6188,2257359,3362
內湖區,湖濱里,3058,4031594,17654,103599,2703216,167553,194967,9559,6782,703693,14196,64133,1656,44587,3360901,9052
內湖區,東湖里,2722,2027862,22157,58840,1625420,70321,45014,8179,4227,137595,5991,42272,62,7784,2261410,2499
內湖區,樂康里,2789,2213256,18548,61598,1821240,64132,38514,7715,5739,155356,1595,31308,1131,6379,2495720,6234
內湖區,西安里,2449,2403534,20504,50190,1662776,98721,73830,13213,3715,416196,8632,32863,867,22027,2192501,4741
內湖區,西康里,3511,4328331,19788,97257,2877514,187566,143661,17076,6115,853836,20758,92286,1015,11459,3654665,8192
內湖區,港富里,3292,3553831,46721,117041,2489491,146986,129280,10442,5270,483785,13142,80640,1764,29269,3220312,7609
內湖區,港華里,3248,3831401,18303,72181,2644719,148325,119183,12036,4754,724061,5909,64842,3205,13885,3390504,12744
內湖區,港都里,1966,2111668,12530,108759,1464040,88627,128772,7327,3826,241862,4577,46431,961,3956,1894041,4760
內湖區,金瑞里,2341,2079786,15090,43768,1635076,81977,41669,10113,3062,191383,709,50150,2427,4361,2153409,7741
內湖區,湖元里,1994,2026786,21115,52057,1309889,84781,114609,5177,2619,388597,16133,23121,286,8401,1737207,3020
內湖區,安湖里,2713,2584290,18882,71946,1985012,93432,74088,3463,4006,274937,1983,47544,1438,7559,2626982,5741
內湖區,秀湖里,2394,3317539,15427,62883,1980914,135682,189365,12703,2749,825100,16659,66010,588,9458,2481017,4847
內湖區,安泰里,1792,1300580,10613,25150,1093288,42373,16268,3206,2651,83234,2603,19844,4,1345,1516203,1906
內湖區,金湖里,3661,7789300,105264,206319,4995106,257854,263835,32304,5784,1640401,29553,226804,2959,23117,5807137,12930
內湖區,康寧里,3022,3419537,42649,76355,2614527,103790,73032,8938,5276,402071,14418,64116,1660,12703,3352959,8371
內湖區,明湖里,1868,1745689,11783,47998,1409745,56437,41338,6277,3998,127927,1827,22442,613,15304,1866361,3245
內湖區,蘆洲里,375,216357,6179,4535,157842,5579,13157,1103,266,25539,0,2029,63,64,246028,531
內湖區,麗山里,2047,2452258,21769,77391,1582809,95319,88120,9940,3095,510141,580,46478,624,15992,2040304,4347
內湖區,寶湖里,3698,7502211,35785,290737,5135616,234404,274373,38205,6680,1203293,24879,211335,9247,37656,5979179,28678
內湖區,南湖里,2068,3172758,14328,63923,2267940,99346,92206,11336,3357,356780,118256,109875,5321,30088,2750965,14471
內湖區,其　他,198,151302,3562,2979,122249,4573,5461,195,176,9621,0,2458,0,28,161026,112
內湖區,合　計,97549,111619373,898579,3036074,78835641,4077283,3924138,446604,164063,16617636,505125,2453963,66682,593583,100760600,277689
士林區,仁勇里,1254,1327131,20962,30420,690780,47325,112956,7597,1680,394442,2127,14402,721,3721,926921,2410
士林區,福林里,998,2197630,268035,65818,744113,52472,116674,13445,1632,919149,1108,9637,307,5239,939566,2787
士林區,福志里,2808,4290532,12020,68168,1975286,183061,168441,26238,3157,1705080,28172,107694,1802,11412,2522725,9969
士林區,福德里,1503,1663888,14041,41328,964814,87870,116862,40775,2601,363543,1330,22229,559,7936,1259340,4930
士林區,福佳里,2637,2821910,23991,100047,1763519,166745,171569,15117,4179,514580,3522,38471,2207,17964,2287232,8544
士林區,舊佳里,2210,2231551,24157,45144,1396366,112233,117345,4398,1926,448452,17054,41825,992,21660,1829805,6296
士林區,富光里,1695,1084777,24826,26596,844835,37156,25727,2860,1936,93878,4,22282,386,4292,1217006,2002
士林區,後港里,2706,2314351,25394,53059,1627830,102024,77583,7985,3832,380389,2383,31421,421,2029,2204521,4306
士林區,前港里,1490,1337379,13338,34962,968381,54509,64998,1962,2472,157294,12072,21478,311,5602,1292315,2914
士林區,福中里,2168,1907649,30231,40130,1358288,76338,73634,7233,2767,269701,3523,38675,195,6935,1848893,2639
士林區,葫蘆里,2304,1678180,20556,33191,1340108,63594,39510,4820,3279,139766,503,25723,2115,5014,1861791,7670
士林區,福順里,1663,1155704,15636,30035,859920,51448,40357,3311,1872,123722,0,25234,395,3774,1219667,2023
士林區,葫東里,1317,978416,10954,25170,725535,40395,49723,5770,2945,101128,745,16861,0,0,1016178,1149
士林區,社新里,2607,1684761,28479,55680,1312904,62371,41178,1726,2647,140151,0,34763,232,4629,1893610,2128
士林區,社子里,1918,1379498,15147,24780,1052831,60293,35655,2371,3116,163531,0,18445,842,2489,1484928,3288
士林區,永倫里,2214,1439866,15670,29711,1119768,53432,45702,4815,3010,136169,866,21585,224,8915,1613651,1843
士林區,翠山里,949,986152,10278,34817,598375,48308,36091,3650,1093,236229,166,14792,1297,1055,783353,5939
士林區,福安里,1278,749333,15915,14830,564523,26762,32810,3748,1365,72199,0,12486,310,4385,845293,1138
士林區,富洲里,1758,1096150,17958,31023,819678,33927,41389,3595,3028,132457,0,11224,228,1643,1219498,1329
士林區,承德里,1953,1898520,16694,48609,1245949,101873,87347,8048,2497,344970,5547,24760,1624,10603,1645687,6704
士林區,蘭雅里,3097,3854486,26215,104753,2592447,168274,205830,10457,4350,634208,30679,50295,2381,24598,3224267,11786
士林區,德行里,1628,1862611,7018,38645,1064542,87537,146734,9745,2155,471809,2155,23923,839,7508,1383694,3841
士林區,忠誠里,1982,2807249,18022,75192,1552219,148274,154766,10081,3226,771891,27446,35687,1188,9257,1929841,5209
士林區,三玉里,2055,2788618,22007,100615,1582326,127886,161291,14803,2691,689183,19040,60405,265,8106,1985315,3963
士林區,芝山里,2731,4612638,50769,122310,2026544,158791,166410,7862,3343,2007177,2647,46488,2041,18257,2577320,10824
士林區,岩山里,1160,1325449,8025,61757,806586,60557,64923,5467,1337,271844,2088,19321,849,22696,1038561,4125
士林區,義信里,1090,1214802,22159,43977,707819,64231,99624,9991,1174,225969,1621,34916,610,2711,912887,2660
士林區,永福里,409,1747470,15355,23861,879938,27945,67066,3130,287,691542,1056,37016,207,68,959288,1774
士林區,新安里,638,3247832,356012,25778,419552,46509,73039,11415,791,2305629,1277,4140,945,2746,533962,1945
士林區,公館里,382,576588,2990,26400,242115,22064,37962,1334,207,237213,40,3884,614,1764,319616,3368
士林區,陽明里,974,1900886,111160,22632,813938,60073,127453,14613,1982,719563,2579,17586,1864,7440,991873,5304
士林區,菁山里,440,974113,4550,6698,393663,24254,23671,2876,419,513749,0,2911,0,1322,485188,77
士林區,平等里,403,483668,6125,8699,368244,13442,15178,2578,392,65009,4,3418,164,414,455130,874
士林區,溪山里,377,313386,3671,7109,172519,15257,20613,19215,608,67289,0,5478,218,1410,251890,581
士林區,百齡里,2277,1690990,22229,36870,1303778,69998,50368,3780,3001,161548,2517,31432,1367,4101,1813319,4574
士林區,天玉里,3067,4763421,35450,137696,2601221,189905,258784,25114,4786,1378620,25788,84922,1533,19602,3191131,11745
士林區,天福里,2216,2518271,21883,50929,1599592,102623,122075,16297,3047,517829,14970,57657,1425,9945,2059307,6556
士林區,天祿里,1898,2178598,25510,51583,1386683,99137,174314,9365,3119,383253,721,34584,1022,9308,1756707,5221
士林區,天壽里,1847,3195332,36425,82714,1739403,133975,160713,16617,2281,949719,23184,38113,1107,11081,2113864,6746
士林區,東山里,1712,2764616,43279,51481,1353538,94182,99866,8527,2357,1050439,35014,19365,622,5945,1706680,3995
士林區,福華里,1784,1265742,18995,46788,977616,51252,27208,3964,1961,111751,167,17379,419,8242,1369929,2344
士林區,聖山里,1780,2275148,16845,70339,1514644,123894,74091,12020,2743,388223,14187,39915,201,18046,1882247,3842
士林區,天和里,2719,3719228,31424,125456,2105378,156652,187344,15536,3151,1010388,11067,55393,2183,15257,2656898,10930
士林區,明勝里,1702,1442833,12182,40086,1025685,64326,35204,3422,2117,224040,2703,25814,537,6716,1373650,2910
士林區,社園里,2138,1335333,29864,20575,1062010,54708,29821,1936,2894,108318,25,21367,144,3672,1545451,1580
士林區,蘭興里,2258,2682966,20443,72087,1636965,124875,137027,9381,3068,608801,10717,46991,1497,11114,2095660,6594
士林區,天母里,2431,5856387,28532,97812,2157147,242454,278184,47330,3975,2883918,6077,84129,1801,25027,2616927,9026
士林區,名山里,2521,2896233,16567,62962,1813036,148351,145045,5909,3783,619376,15421,54891,945,9946,2319280,7145
士林區,德華里,1951,1815094,15325,31945,1178419,92919,55205,4949,2699,383680,12033,30178,1172,6570,1585247,6163
士林區,天山里,2484,2990034,22041,75582,1879337,145510,162952,16920,2583,623509,3689,48216,574,9122,2347856,7912
士林區,臨溪里,1087,2465608,57652,81931,1004807,95723,174625,114347,811,902270,342,24153,904,8042,1218641,3803
士林區,其　他,226,255428,1378,1681,174255,6006,8758,837,135,54658,0,7595,125,0,213648,462
士林區,合　計,90894,108044437,1734385,2640460,62109768,4483720,5041698,609282,122504,28869250,348372,1621547,44931,418520,80827256,237889
北投區,湖山里,480,550884,6423,14468,278281,16099,49254,1002,366,170552,0,14350,218,0,373735,1900
北投區,永欣里,3037,6055132,-31996,181734,3999077,201007,188057,26869,4485,1332260,23550,65188,4501,60399,4650184,31589
北投區,泉源里,672,506820,4432,9412,333726,20414,19341,982,734,100664,22,17091,0,0,468909,644
北投區,一德里,2409,2113944,28381,56354,1528787,72484,92874,9090,2770,259468,28038,35363,399,0,2065618,3194
北投區,關渡里,3638,3246368,94107,76932,2310510,122908,89704,10933,7691,434570,7719,90957,428,0,3120966,6009
北投區,桃源里,2048,1605706,14208,27907,1278288,64732,36898,7215,2978,133191,338,39529,447,0,1744022,3410
北投區,文化里,1397,1276383,8350,28806,1017503,67163,19665,4153,3398,104471,1077,21783,151,0,1339133,2909
北投區,永和里,3218,4303709,34946,108301,2646950,148725,193803,22235,4690,999013,28649,113831,2906,0,3306995,13702
北投區,立農里,2988,2784970,25062,92585,2148053,100931,55358,6212,4541,302922,5933,42863,589,0,2837065,4478
北投區,清江里,2733,2203932,26695,63311,1607285,90292,84587,9836,3224,272180,8646,37306,612,0,2179726,4341
北投區,八仙里,1851,1696924,29364,42556,1220813,73207,66390,7923,4080,213446,4735,33617,1043,0,1618056,6010
北投區,洲美里,702,443108,6382,14592,330951,18647,29623,3469,1085,32274,0,5743,358,0,492481,1793
北投區,中和里,1634,1449523,18611,29633,1031335,74600,52805,6839,1790,153730,952,72748,1954,4525,1369531,6955
北投區,開明里,2212,2158021,18955,59552,1426038,102549,83683,5090,3173,401842,17130,38767,1158,83,1883099,5712
北投區,長安里,2087,1824193,15395,67824,1293320,74573,81043,6418,2288,234485,5584,42565,610,88,1706692,3738
北投區,大同里,1935,1845868,14216,44753,1302435,86849,66268,7286,2226,257543,14922,47343,1079,948,1705782,4484
北投區,福興里,2298,2192908,11994,57807,1658979,93999,72497,7026,3762,232216,6573,47616,451,0,2175615,3446
北投區,石牌里,1776,1600740,13578,49476,1188045,63174,45713,7948,2880,206977,5444,16449,1201,0,1567151,5343
北投區,奇岩里,3848,4689032,37508,153665,3029491,185562,220491,32670,5725,934743,15845,67990,5022,319,3852118,16667
北投區,稻香里,1705,1298588,12719,30404,1010823,62610,24358,2258,2585,119324,2816,29966,927,0,1381612,4279
北投區,中央里,2804,2628088,24006,76685,1852763,113434,116277,12253,3425,385163,1293,42286,191,314,2436959,4639
北投區,溫泉里,2281,1921486,21668,37902,1294517,88324,78046,13999,2390,355261,1471,27703,250,0,1748957,3252
北投區,立賢里,1826,1594684,16498,29650,1248655,69487,45843,6050,3111,134505,2123,28257,805,9699,1661955,3488
北投區,中心里,2227,2188252,12694,73095,1319746,83195,87302,8606,2539,556477,1843,36273,1114,5369,1779412,6552
北投區,智仁里,1923,1382149,24767,42722,1069733,60758,24530,2984,3484,124753,786,26890,647,96,1490498,4308
北投區,吉利里,2232,2061881,14654,44874,1620174,81690,44328,4042,2801,209224,4002,35669,423,0,2142271,4311
北投區,尊賢里,1532,1345912,14078,21922,1061452,51251,35634,2810,1880,129161,1068,23840,523,2293,1409436,2933
北投區,東華里,1496,1451949,12477,24838,1136083,57457,49316,3961,2971,132110,3295,27706,1797,0,1464547,8432
北投區,吉慶里,1709,1648946,8186,56436,1213155,68932,58094,6784,2975,199675,1367,33051,295,0,1592548,2948
北投區,中庸里,1338,942586,10890,22944,728941,44261,32256,5018,1419,79240,839,16731,46,0,1012492,1055
北投區,秀山里,978,625923,5248,18038,481039,37690,15167,1864,866,54318,0,11693,0,0,679658,452
北投區,建民里,1525,1674255,13605,52517,1074090,83224,82282,12890,2307,318135,1737,25230,3389,4847,1384554,9002
北投區,榮光里,2317,1976589,12959,55531,1519585,80694,49873,4873,3043,199179,9,50767,212,0,2038632,3147
北投區,裕民里,2791,3248797,20043,153503,2169831,134840,182063,12974,4718,487093,8161,72237,928,2407,2751620,8346
北投區,振華里,2567,2541501,20364,59230,1829659,135165,140668,7901,3913,305197,3382,32686,1020,2317,2364160,7413
北投區,榮華里,2702,4020018,24021,102740,2656336,154660,153732,15843,4189,834848,24929,46081,1831,808,3215700,10946
北投區,豐年里,1403,995362,18158,23520,776021,34969,19816,1902,1702,99929,44,18906,432,0,1091699,1635
北投區,林泉里,975,918249,11645,26599,528776,33957,26409,2090,1180,276353,441,9655,1041,103,733304,3342
北投區,永明里,1614,1734909,20099,45721,1228330,75391,82262,3526,2184,250674,2059,23050,1114,500,1583064,5622
北投區,文林里,1503,1676192,15614,23283,1113124,78266,80359,6776,1379,324744,0,32278,860,0,1422521,4324
北投區,大屯里,359,437513,2078,7838,193429,15362,28716,863,693,179318,951,7605,665,0,264676,1741
北投區,湖田里,223,212315,2935,1833,93418,22988,37214,3161,106,48102,0,2559,0,0,138255,90
北投區,其　他,57,70039,447,1417,56589,2413,1887,919,40,2744,0,3385,200,0,67547,718
北投區,合　計,81050,81144350,716462,2212911,56906136,3348931,3044485,327544,117786,12582074,237772,1515603,41838,92807,74312951,229302
信義區,松友里,2191,2038240,10736,49392,1514528,101648,45860,8734,2825,255026,1339,45463,541,2148,1997279,5281
信義區,六藝里,1192,949461,7366,42994,707148,40657,31200,3781,2430,93067,277,19547,597,397,967552,2804
信義區,中興里,1284,1513999,4775,53191,966268,74824,138154,9700,2619,218039,7780,38850,1189,0,1204790,4265
信義區,永吉里,1007,1042466,12683,11760,575446,32893,47106,3204,1779,343552,391,12589,37,1028,780221,1016
信義區,敦厚里,1891,1949440,13257,54662,1367595,94767,77676,13097,2112,280802,35,41750,426,3262,1745208,3818
信義區,大道里,2110,1909860,26044,45509,1345222,103530,80994,5971,3372,256843,5626,32965,662,3123,1778198,3660
信義區,安康里,3819,12452700,67915,274527,4438216,419818,574798,133681,5011,6121104,59909,247294,1363,109064,5206691,10393
信義區,嘉興里,1089,1005898,7351,21890,694925,42840,43182,2688,1300,167343,401,19617,696,3664,911534,3862
信義區,五全里,1698,1515156,11830,72259,1066264,77278,49740,5959,1908,199205,620,26714,495,2885,1412831,2505
信義區,新仁里,1210,1705815,7281,47442,949727,82852,78014,5486,1934,495305,14862,18830,1297,2784,1186573,4922
信義區,正和里,1633,2011693,16142,67319,1322181,112037,106266,9741,2084,306810,14798,50376,2022,1919,1627596,6485
信義區,惠安里,2218,1814114,10881,30120,1444948,80799,35026,5822,4871,162544,2904,33568,340,2291,1923058,3832
信義區,三犁里,1881,3394385,42834,168718,1660413,131788,216904,33385,2143,945472,3583,177631,3614,7901,2028258,8389
信義區,六合里,2382,3414426,38214,68127,2008280,165566,201157,8070,3938,845240,13154,56980,2403,3298,2490751,9812
信義區,泰和里,2543,2221302,16579,83915,1621216,81322,57368,9902,5134,288922,1156,50605,799,4385,2177486,5432
信義區,西村里,1628,1547850,6762,31968,1181930,91735,25135,9939,2262,161204,6624,25730,1326,3236,1511310,5234
信義區,興隆里,918,5031543,222385,111606,918325,71752,120370,22713,980,3510598,10328,29107,483,12897,1076143,2782
信義區,景新里,1801,3712460,12119,124193,1595227,149493,153791,14802,3367,1528161,47958,76400,599,6351,1939205,4648
信義區,景聯里,1685,1558958,15142,33827,1124778,80709,77540,3426,1733,176608,10004,31773,920,2496,1453004,4964
信義區,景勤里,1225,1048306,6841,21248,816957,56551,33611,4160,1953,83560,5185,17016,300,925,1070831,2582
信義區,黎順里,1406,1407114,10237,60283,1031833,64385,44975,6420,2065,147779,2331,27931,195,8680,1319224,3504
信義區,黎平里,2478,2177618,18677,48160,1647386,119025,77904,5760,3565,220879,1368,28083,857,5955,2156554,6534
信義區,黎忠里,1585,1280025,12919,38125,961570,59503,36818,4976,2995,135829,1010,21661,262,4356,1299691,2788
信義區,松隆里,672,438247,3623,10756,343214,18398,11656,1000,818,40999,27,7340,42,374,482279,1169
信義區,中坡里,1496,1246329,11535,38723,854826,56150,31675,2433,1777,214271,10726,23133,426,653,1165968,2819
信義區,永春里,1630,1397702,8270,36952,1065817,60767,46853,4091,2174,133177,1027,34899,775,2901,1416625,4037
信義區,富臺里,1520,1686564,8296,62004,1272163,68953,54090,10319,3048,166205,5381,30889,2085,3132,1594788,8994
信義區,長春里,1357,978483,13459,31104,754186,39121,31116,2003,1479,78616,2417,23293,184,1506,1044117,1906
信義區,五常里,1238,1173977,10064,26043,843097,52631,42371,4436,1651,159543,4099,27762,667,1612,1099474,2763
信義區,四維里,1817,1697189,13809,76508,1193337,85523,46732,9003,2733,229469,3469,34577,611,1418,1559224,3872
信義區,雅祥里,1710,1812377,14004,61965,1313187,70884,64880,9597,2717,228643,8332,31980,680,5508,1674459,3453
信義區,興雅里,2007,2024017,19716,57728,1312709,103876,138899,7931,2615,329555,12753,30020,762,7453,1702311,5266
信義區,廣居里,2706,2977809,17957,112578,2169372,144511,116785,7831,5152,332892,5201,56665,1741,7124,2718841,8637
信義區,中行里,2525,1908937,20553,57602,1431018,87238,58013,4323,3507,202909,2816,34388,938,5631,1969234,5105
信義區,四育里,1880,1533131,13190,47454,1072207,79747,79451,4497,3717,164156,2850,63554,1057,1251,1462145,3824
信義區,國業里,2533,2721790,17931,69179,1934465,143347,100973,11552,5007,366523,5257,60496,1299,5761,2464797,6857
信義區,松光里,1702,1568798,8042,29405,1073150,88089,100174,4518,1820,205081,3791,48589,1108,5032,1415376,4588
信義區,大仁里,1251,896743,8058,25087,695886,41339,18265,2122,2083,91322,511,10725,453,892,960946,2189
信義區,雙和里,2445,2191538,13008,90493,1686876,97146,56299,4918,3193,181756,1542,50577,1762,3967,2205584,7471
信義區,黎安里,440,320377,2825,11391,241428,10822,3871,661,898,35177,1241,11947,117,0,334288,1023
信義區,三張里,3104,3971858,25515,83497,2270053,176788,169057,20940,4168,1045837,9044,144806,1017,21136,2900903,7445
信義區,其　他,205,424283,661,1474,365354,5963,3309,1722,204,19435,1202,2983,24,21953,402056,511
信義區,合　計,73112,87672978,829487,2491175,52852729,3767065,3528058,445314,111139,21169458,293327,1859101,37170,288955,67837402,191439
其　他,其　他,149,181769,7812,6174,95575,4739,30515,4420,140,13035,0,1676,0,17683,123407,157
其　他,合　計,149,181769,7812,6174,95575,4739,30515,4420,140,13035,0,1676,0,17683,123407,157
